Fecha,Precipitacion_7dias,Caudal_Rio,Altura_Nivel_Rio,Cobertura_Suelo,Pendiente_Terreno,Distancia_Rio,Inundacion
2022-01-01,35.9,203.3,0.52,0.32,2.8,889.0,0
2022-01-02,22.9,196.0,2.05,0.55,6.7,529.0,0
2022-01-03,21.8,236.8,3.27,0.35,6.8,825.0,0
2022-01-04,22.3,188.4,2.5,0.66,1.9,684.0,0
2022-01-05,71.8,210.7,2.21,0.83,8.2,315.0,0
2022-01-06,45.6,212.9,1.88,0.83,6.1,696.0,0
2022-01-07,20.0,173.3,2.14,0.7,7.8,302.0,0
2022-01-08,40.6,239.7,1.91,0.43,2.3,410.0,1
2022-01-09,34.0,193.0,2.17,0.82,2.3,657.0,0
2022-01-10,7.7,169.8,1.95,0.83,4.7,689.0,0
2022-01-11,15.0,221.5,2.74,0.42,6.0,243.0,0
2022-01-12,37.0,164.1,3.02,0.74,8.6,916.0,0
2022-01-13,71.3,201.1,2.21,0.47,6.4,772.0,0
2022-01-14,27.1,199.6,1.74,0.78,4.5,389.0,0
2022-01-15,22.5,243.4,2.42,0.9,2.9,139.0,0
2022-01-16,34.2,219.0,1.31,0.32,7.5,557.0,0
2022-01-17,22.4,199.0,1.64,0.84,3.1,466.0,0
2022-01-18,27.5,232.7,2.12,0.67,8.3,634.0,0
2022-01-19,32.8,255.6,2.29,0.88,4.4,491.0,0
2022-01-20,17.9,222.3,2.3,0.58,8.2,50.0,0
2022-01-21,53.1,200.4,1.59,0.81,6.4,483.0,0
2022-01-22,16.9,147.5,2.04,0.34,4.7,508.0,0
2022-01-23,16.2,157.4,1.57,0.5,4.0,790.0,0
2022-01-24,38.3,187.8,1.87,0.34,4.3,391.0,0
2022-01-25,51.7,175.6,1.59,0.89,5.9,1104.0,0
2022-01-26,38.1,192.5,2.0,0.79,5.2,50.0,0
2022-01-27,32.6,202.3,2.44,0.81,3.8,993.0,0
2022-01-28,29.5,221.2,1.78,0.86,4.7,533.0,0
2022-01-29,27.0,197.2,1.64,0.35,5.2,858.0,0
2022-01-30,61.5,219.5,2.04,0.53,0.7,624.0,0
2022-01-31,41.8,202.6,1.35,0.34,5.9,942.0,0
2022-02-01,28.3,121.0,0.8,0.43,3.0,484.0,0
2022-02-02,24.0,162.4,1.39,0.44,2.7,270.0,0
2022-02-03,48.7,194.2,2.38,0.58,1.6,1026.0,0
2022-02-04,60.6,151.6,1.65,0.46,1.4,566.0,0
2022-02-05,57.4,224.0,2.34,0.36,2.3,666.0,0
2022-02-06,21.6,261.2,3.04,0.4,3.6,970.0,0
2022-02-07,28.9,248.8,2.42,0.39,8.9,290.0,0
2022-02-08,26.1,191.5,2.11,0.88,3.9,779.0,0
2022-02-09,30.6,259.6,2.54,0.76,5.4,423.0,0
2022-02-10,53.1,205.9,2.19,0.88,5.8,560.0,0
2022-02-11,70.1,186.5,1.57,0.56,5.3,622.0,0
2022-02-12,40.9,175.5,0.54,0.47,4.8,150.0,0
2022-02-13,22.4,187.9,1.81,0.78,2.6,366.0,0
2022-02-14,31.9,184.5,2.56,0.5,7.9,1005.0,0
2022-02-15,76.5,206.8,2.53,0.48,8.6,866.0,0
2022-02-16,33.6,206.4,2.55,0.44,1.6,581.0,0
2022-02-17,26.2,200.1,2.62,0.38,3.0,673.0,0
2022-02-18,27.1,217.5,2.22,0.45,4.4,512.0,0
2022-02-19,38.3,247.6,2.57,0.51,3.1,1007.0,0
2022-02-20,17.7,238.0,2.07,0.7,6.0,540.0,0
2022-02-21,21.3,140.6,1.25,0.34,3.5,670.0,0
2022-02-22,51.6,97.8,1.29,0.43,9.3,944.0,0
2022-02-23,35.8,237.4,2.98,0.79,7.4,367.0,0
2022-02-24,30.3,145.3,1.38,0.39,5.4,1068.0,0
2022-02-25,51.8,191.0,1.68,0.51,7.1,141.0,0
2022-02-26,16.2,153.2,1.53,0.82,7.2,1089.0,0
2022-02-27,21.1,127.9,1.58,0.39,3.9,488.0,0
2022-02-28,32.6,221.7,1.49,0.35,3.4,527.0,0
2022-03-01,31.3,230.4,1.16,0.59,5.2,50.0,1
2022-03-02,6.8,176.9,1.49,0.48,6.7,464.0,0
2022-03-03,17.6,96.4,0.35,0.64,5.3,288.0,0
2022-03-04,21.4,178.2,1.53,0.78,1.8,418.0,0
2022-03-05,32.5,215.7,2.08,0.38,3.4,559.0,0
2022-03-06,28.7,140.8,1.18,0.65,4.9,887.0,0
2022-03-07,21.4,207.3,2.8,0.6,4.8,662.0,0
2022-03-08,0.5,199.4,2.16,0.39,8.9,692.0,0
2022-03-09,21.3,223.2,2.38,0.67,2.2,271.0,0
2022-03-10,22.5,204.8,2.36,0.46,6.0,336.0,0
2022-03-11,105.3,161.1,1.04,0.59,8.0,1140.0,0
2022-03-12,16.9,247.9,3.0,0.35,9.5,379.0,0
2022-03-13,26.3,193.7,1.9,0.58,4.2,1097.0,0
2022-03-14,48.8,198.9,2.32,0.48,6.0,527.0,0
2022-03-15,36.7,162.7,1.09,0.79,6.1,601.0,0
2022-03-16,56.9,182.3,1.05,0.33,5.4,921.0,0
2022-03-17,-0.2,164.6,2.06,0.55,4.8,982.0,0
2022-03-18,3.2,193.1,2.12,0.58,5.9,567.0,0
2022-03-19,8.1,268.5,2.23,0.74,0.0,484.0,0
2022-03-20,-2.4,145.1,1.02,0.64,6.4,583.0,0
2022-03-21,18.3,135.5,1.92,0.7,5.3,701.0,0
2022-03-22,2.7,258.8,1.99,0.77,4.6,867.0,0
2022-03-23,60.0,191.6,2.74,0.82,9.1,601.0,0
2022-03-24,3.8,173.2,1.28,0.49,3.7,786.0,0
2022-03-25,10.1,241.6,2.74,0.62,4.2,1092.0,0
2022-03-26,35.0,175.8,1.59,0.8,9.0,714.0,0
2022-03-27,-1.6,273.0,3.03,0.89,3.3,693.0,0
2022-03-28,-4.6,227.1,2.0,0.83,3.9,144.0,0
2022-03-29,19.0,180.5,1.72,0.52,4.7,50.0,0
2022-03-30,20.5,286.3,2.88,0.42,6.7,717.0,0
2022-03-31,33.5,175.8,1.26,0.59,5.4,572.0,0
2022-04-01,26.5,229.7,2.67,0.74,2.4,446.0,0
2022-04-02,21.2,212.0,1.86,0.6,3.9,673.0,0
2022-04-03,4.0,252.1,2.41,0.59,3.8,582.0,0
2022-04-04,19.8,262.5,2.13,0.8,4.8,938.0,0
2022-04-05,21.2,201.3,0.73,0.52,5.9,626.0,0
2022-04-06,3.8,169.9,1.6,0.82,5.8,376.0,0
2022-04-07,71.6,218.4,3.39,0.54,1.4,897.0,0
2022-04-08,25.8,172.9,2.12,0.5,7.1,535.0,0
2022-04-09,1.1,280.5,2.8,0.57,5.5,758.0,0
2022-04-10,34.4,205.5,1.92,0.76,7.8,457.0,0
2022-04-11,39.7,185.4,1.87,0.38,5.9,405.0,0
2022-04-12,25.2,207.4,2.35,0.42,7.2,625.0,0
2022-04-13,12.1,146.1,0.87,0.87,5.9,604.0,0
2022-04-14,4.9,161.1,2.17,0.41,7.7,744.0,0
2022-04-15,15.7,248.0,2.84,0.64,6.0,519.0,0
2022-04-16,24.7,173.7,2.1,0.65,4.8,50.0,0
2022-04-17,18.1,158.1,1.8,0.59,9.5,470.0,0
2022-04-18,58.2,221.5,2.22,0.69,6.8,838.0,0
2022-04-19,32.8,247.4,2.81,0.44,6.1,511.0,0
2022-04-20,5.8,228.8,2.58,0.63,2.4,526.0,0
2022-04-21,3.9,239.8,2.22,0.52,2.4,896.0,0
2022-04-22,30.4,169.7,1.41,0.7,5.6,386.0,0
2022-04-23,16.2,143.1,1.48,0.38,5.3,137.0,0
2022-04-24,37.3,260.1,3.38,0.64,3.8,552.0,0
2022-04-25,31.5,187.1,1.25,0.41,5.3,455.0,0
2022-04-26,20.3,190.0,1.17,0.47,8.2,310.0,0
2022-04-27,9.1,253.1,2.61,0.43,6.4,547.0,0
2022-04-28,3.3,222.2,2.25,0.41,2.7,747.0,0
2022-04-29,27.6,218.2,2.27,0.8,4.8,597.0,0
2022-04-30,6.5,286.6,2.99,0.47,3.4,692.0,0
2022-05-01,10.7,174.3,1.63,0.86,4.2,1144.0,0
2022-05-02,27.8,237.1,3.12,0.88,4.2,497.0,0
2022-05-03,26.4,202.3,1.22,0.64,4.0,684.0,0
2022-05-04,9.5,210.7,1.69,0.39,2.5,447.0,0
2022-05-05,53.7,261.1,2.56,0.52,4.7,346.0,1
2022-05-06,53.3,220.3,1.38,0.78,3.9,425.0,0
2022-05-07,38.7,221.5,2.13,0.52,0.0,456.0,0
2022-05-08,39.1,242.9,3.26,0.35,9.1,708.0,0
2022-05-09,39.7,185.4,1.86,0.63,7.2,1305.0,0
2022-05-10,52.2,166.4,1.78,0.81,4.2,385.0,0
2022-05-11,44.1,158.2,0.95,0.78,5.0,475.0,0
2022-05-12,17.5,121.3,0.91,0.41,2.7,581.0,0
2022-05-13,25.9,282.2,2.63,0.7,8.4,719.0,0
2022-05-14,107.6,155.9,1.4,0.43,8.8,679.0,0
2022-05-15,9.5,191.1,2.55,0.43,5.3,985.0,0
2022-05-16,23.4,188.9,2.17,0.82,7.0,50.0,0
2022-05-17,59.4,212.3,1.57,0.45,5.4,50.0,1
2022-05-18,20.7,232.6,2.45,0.46,2.3,451.0,0
2022-05-19,48.1,234.4,2.59,0.3,4.2,929.0,0
2022-05-20,33.8,176.7,2.34,0.82,5.3,130.0,0
2022-05-21,22.6,193.3,2.72,0.78,4.1,50.0,0
2022-05-22,11.2,211.3,1.61,0.68,4.6,771.0,0
2022-05-23,37.5,190.1,1.5,0.75,4.8,673.0,0
2022-05-24,21.5,264.3,2.01,0.39,4.8,273.0,1
2022-05-25,32.0,219.6,2.08,0.57,5.1,304.0,0
2022-05-26,45.5,229.4,2.53,0.51,2.9,309.0,1
2022-05-27,55.3,226.5,2.76,0.36,3.6,633.0,0
2022-05-28,26.6,246.9,2.43,0.59,2.4,412.0,0
2022-05-29,24.2,207.2,1.91,0.85,7.0,748.0,0
2022-05-30,17.6,148.1,1.56,0.32,0.8,50.0,1
2022-05-31,57.3,216.0,1.74,0.47,7.3,343.0,0
2022-06-01,102.7,173.9,2.78,0.42,7.8,262.0,1
2022-06-02,60.8,178.9,0.98,0.44,4.4,523.0,0
2022-06-03,68.4,223.5,2.33,0.85,0.0,439.0,0
2022-06-04,23.6,249.5,3.51,0.58,4.3,839.0,0
2022-06-05,44.5,200.9,2.01,0.58,4.9,50.0,1
2022-06-06,53.0,212.4,2.03,0.76,3.0,614.0,0
2022-06-07,19.6,268.1,2.5,0.39,4.0,768.0,0
2022-06-08,81.3,209.6,2.01,0.59,8.1,1157.0,0
2022-06-09,15.6,304.1,3.73,0.56,6.3,455.0,0
2022-06-10,73.7,222.6,1.12,0.66,3.2,697.0,0
2022-06-11,15.1,129.6,2.06,0.9,1.8,59.0,0
2022-06-12,19.1,230.1,1.59,0.76,4.3,50.0,0
2022-06-13,43.4,215.2,2.02,0.54,4.6,853.0,0
2022-06-14,34.5,251.6,2.3,0.8,6.0,598.0,0
2022-06-15,26.0,226.9,2.56,0.4,3.9,954.0,0
2022-06-16,77.5,194.5,1.15,0.32,6.0,188.0,1
2022-06-17,15.0,151.0,1.74,0.42,8.9,756.0,0
2022-06-18,28.9,191.6,2.93,0.5,6.6,1161.0,0
2022-06-19,44.5,166.0,0.98,0.61,4.9,726.0,0
2022-06-20,36.8,176.8,1.86,0.67,4.6,683.0,0
2022-06-21,20.3,223.5,1.9,0.85,4.3,603.0,0
2022-06-22,20.3,266.8,2.88,0.61,7.4,129.0,0
2022-06-23,49.9,215.8,2.17,0.6,3.7,1007.0,0
2022-06-24,50.9,152.2,1.2,0.33,5.1,417.0,0
2022-06-25,35.1,217.8,2.42,0.32,5.1,751.0,0
2022-06-26,15.3,247.9,3.38,0.63,4.0,131.0,0
2022-06-27,18.3,175.6,1.66,0.56,2.3,246.0,0
2022-06-28,26.8,194.6,2.31,0.8,5.6,1031.0,0
2022-06-29,29.0,200.6,1.36,0.4,4.9,496.0,0
2022-06-30,38.3,168.6,1.21,0.31,6.0,1036.0,0
2022-07-01,21.9,225.9,2.5,0.57,3.9,577.0,0
2022-07-02,44.8,195.2,2.69,0.44,7.4,50.0,1
2022-07-03,43.9,216.8,2.35,0.33,3.2,868.0,0
2022-07-04,58.9,164.5,1.49,0.73,8.4,423.0,0
2022-07-05,24.0,182.5,1.82,0.37,1.5,810.0,0
2022-07-06,29.9,228.9,1.66,0.66,5.9,608.0,0
2022-07-07,20.1,185.1,2.15,0.47,6.0,137.0,0
2022-07-08,9.3,269.1,3.13,0.4,3.4,649.0,0
2022-07-09,87.9,184.0,1.61,0.53,5.8,1259.0,0
2022-07-10,50.9,209.0,1.85,0.78,7.6,748.0,0
2022-07-11,39.3,237.3,2.51,0.54,0.6,583.0,0
2022-07-12,19.9,143.3,1.21,0.75,6.0,923.0,0
2022-07-13,6.1,129.6,1.26,0.38,0.0,663.0,0
2022-07-14,43.3,139.0,2.44,0.76,3.1,663.0,0
2022-07-15,16.1,250.5,2.38,0.44,8.3,273.0,0
2022-07-16,27.4,177.9,1.6,0.71,3.8,670.0,0
2022-07-17,8.7,302.3,2.7,0.64,2.7,911.0,0
2022-07-18,22.8,177.4,2.15,0.86,4.6,349.0,0
2022-07-19,8.8,207.4,1.98,0.53,9.1,1027.0,0
2022-07-20,9.0,261.7,2.29,0.34,1.3,572.0,0
2022-07-21,21.5,280.2,3.46,0.31,2.9,334.0,1
2022-07-22,-2.4,282.5,3.53,0.8,8.0,899.0,0
2022-07-23,-2.3,248.3,2.18,0.61,8.7,514.0,0
2022-07-24,4.5,241.0,1.48,0.77,4.8,828.0,0
2022-07-25,11.9,223.7,2.74,0.44,2.5,512.0,0
2022-07-26,36.1,231.1,1.97,0.51,9.2,582.0,0
2022-07-27,12.4,178.0,2.17,0.32,8.2,748.0,0
2022-07-28,14.9,167.3,0.69,0.88,6.4,687.0,0
2022-07-29,10.0,199.9,2.44,0.7,3.4,50.0,0
2022-07-30,21.9,193.2,1.33,0.86,4.9,264.0,0
2022-07-31,2.2,181.9,2.18,0.46,4.7,879.0,0
2022-08-01,13.0,227.9,2.29,0.67,5.7,560.0,0
2022-08-02,23.6,238.2,1.91,0.71,7.9,443.0,0
2022-08-03,19.6,203.5,1.83,0.49,6.8,192.0,0
2022-08-04,15.3,259.1,2.93,0.81,2.8,276.0,0
2022-08-05,15.6,154.3,1.6,0.87,7.8,50.0,0
2022-08-06,26.2,192.3,2.21,0.83,5.6,570.0,0
2022-08-07,84.6,171.3,2.7,0.74,6.4,420.0,0
2022-08-08,3.4,125.3,0.47,0.47,7.9,310.0,0
2022-08-09,86.6,196.7,2.78,0.47,2.8,580.0,0
2022-08-10,3.3,195.1,2.0,0.88,4.9,709.0,0
2022-08-11,-6.5,260.5,2.16,0.31,3.9,1228.0,0
2022-08-12,7.5,225.2,1.59,0.73,1.9,146.0,0
2022-08-13,23.9,159.0,1.5,0.72,5.7,948.0,0
2022-08-14,73.8,274.2,3.2,0.67,10.0,892.0,0
2022-08-15,3.6,248.8,2.42,0.89,1.3,366.0,0
2022-08-16,28.4,223.3,2.99,0.49,4.9,661.0,0
2022-08-17,0.2,190.9,1.18,0.5,6.3,463.0,0
2022-08-18,73.3,161.6,1.61,0.35,5.2,656.0,0
2022-08-19,49.3,185.1,1.22,0.57,4.8,1053.0,0
2022-08-20,11.2,243.5,2.62,0.46,2.4,782.0,0
2022-08-21,56.1,275.4,3.2,0.51,5.5,753.0,0
2022-08-22,17.9,261.7,2.41,0.8,3.5,471.0,0
2022-08-23,53.0,180.4,0.5,0.86,0.6,155.0,0
2022-08-24,21.1,155.2,1.65,0.41,7.4,537.0,0
2022-08-25,22.4,205.6,2.27,0.52,6.9,962.0,0
2022-08-26,14.2,129.3,1.49,0.86,5.1,142.0,0
2022-08-27,36.5,212.9,2.75,0.34,5.5,283.0,1
2022-08-28,25.3,194.1,1.41,0.36,7.1,638.0,0
2022-08-29,34.8,181.4,2.15,0.4,5.4,305.0,0
2022-08-30,4.5,136.2,1.96,0.66,6.8,362.0,0
2022-08-31,58.3,220.5,1.32,0.39,4.4,473.0,0
2022-09-01,68.7,178.7,1.95,0.88,7.6,190.0,0
2022-09-02,27.8,153.2,1.28,0.57,5.6,308.0,0
2022-09-03,90.9,85.1,0.81,0.6,5.4,811.0,0
2022-09-04,78.3,198.9,2.16,0.45,2.5,208.0,1
2022-09-05,41.7,270.9,2.47,0.58,5.6,121.0,1
2022-09-06,64.5,266.5,2.33,0.7,3.3,411.0,0
2022-09-07,54.7,181.7,1.83,0.75,3.7,820.0,0
2022-09-08,7.6,175.9,1.22,0.75,3.4,541.0,0
2022-09-09,24.2,218.8,1.64,0.65,2.9,461.0,0
2022-09-10,46.1,160.1,1.94,0.84,9.2,613.0,0
2022-09-11,76.6,212.1,1.55,0.79,7.7,76.0,0
2022-09-12,12.1,230.6,2.64,0.75,8.8,748.0,0
2022-09-13,10.2,249.1,2.72,0.33,2.6,715.0,0
2022-09-14,30.2,196.0,1.1,0.3,5.1,477.0,0
2022-09-15,9.2,191.9,1.58,0.43,2.4,902.0,0
2022-09-16,30.3,164.9,2.25,0.7,3.6,262.0,0
2022-09-17,40.2,166.9,1.18,0.55,3.2,938.0,0
2022-09-18,18.6,190.9,1.68,0.54,7.5,646.0,0
2022-09-19,31.8,214.7,2.38,0.83,4.2,499.0,0
2022-09-20,56.8,236.5,2.76,0.84,7.1,594.0,0
2022-09-21,24.7,167.9,1.55,0.85,6.2,568.0,0
2022-09-22,21.4,259.7,2.3,0.49,9.6,966.0,0
2022-09-23,32.1,189.2,2.6,0.71,2.0,277.0,0
2022-09-24,19.1,199.1,2.86,0.46,7.5,371.0,0
2022-09-25,95.1,170.1,2.19,0.41,7.3,911.0,0
2022-09-26,35.3,103.0,1.07,0.41,3.1,421.0,0
2022-09-27,23.5,235.4,1.95,0.51,7.0,870.0,0
2022-09-28,39.2,229.5,1.88,0.56,5.7,1110.0,0
2022-09-29,32.8,188.7,2.15,0.8,4.5,479.0,0
2022-09-30,30.9,202.7,2.24,0.37,3.4,804.0,0
2022-10-01,26.1,220.6,2.91,0.74,3.6,254.0,0
2022-10-02,25.4,137.5,1.7,0.62,9.1,826.0,0
2022-10-03,15.6,178.8,1.04,0.47,5.0,660.0,0
2022-10-04,71.8,231.8,2.84,0.6,6.6,742.0,0
2022-10-05,47.7,149.8,1.0,0.48,3.4,406.0,0
2022-10-06,41.2,211.7,1.93,0.66,3.4,102.0,0
2022-10-07,32.2,145.7,1.58,0.56,7.2,751.0,0
2022-10-08,20.1,218.7,3.18,0.4,2.3,50.0,1
2022-10-09,22.3,198.6,3.54,0.37,4.2,505.0,0
2022-10-10,15.4,135.4,1.66,0.63,5.1,882.0,0
2022-10-11,23.2,246.6,2.37,0.84,5.2,658.0,0
2022-10-12,17.9,170.6,1.97,0.51,4.6,1185.0,0
2022-10-13,82.2,167.6,2.12,0.74,5.8,908.0,0
2022-10-14,54.2,208.0,1.92,0.7,6.4,404.0,0
2022-10-15,34.1,245.9,3.36,0.86,6.5,608.0,0
2022-10-16,19.0,159.4,1.71,0.79,3.0,586.0,0
2022-10-17,16.7,202.5,2.27,0.64,4.4,125.0,0
2022-10-18,28.0,217.2,2.5,0.69,7.4,318.0,0
2022-10-19,53.7,227.7,2.49,0.84,6.8,432.0,0
2022-10-20,12.2,207.1,2.49,0.54,2.3,50.0,1
2022-10-21,42.8,185.3,1.54,0.5,5.7,614.0,0
2022-10-22,19.2,166.9,1.39,0.31,1.0,525.0,0
2022-10-23,21.1,203.4,1.48,0.8,5.1,98.0,0
2022-10-24,29.9,157.1,1.79,0.78,8.8,721.0,0
2022-10-25,15.5,83.1,1.22,0.36,3.1,815.0,0
2022-10-26,23.6,217.5,2.4,0.65,3.3,668.0,0
2022-10-27,13.7,236.2,3.2,0.58,6.5,503.0,0
2022-10-28,17.3,105.5,1.05,0.37,1.9,777.0,0
2022-10-29,44.1,159.6,1.93,0.89,3.7,804.0,0
2022-10-30,27.9,224.8,1.7,0.43,6.2,692.0,0
2022-10-31,42.9,282.3,2.63,0.34,3.7,353.0,1
2022-11-01,14.1,200.8,2.36,0.66,4.5,683.0,0
2022-11-02,37.1,170.9,2.13,0.74,6.5,959.0,0
2022-11-03,3.7,192.7,1.78,0.32,5.8,421.0,0
2022-11-04,24.3,255.0,2.51,0.7,5.5,1229.0,0
2022-11-05,37.3,174.2,0.98,0.62,4.3,442.0,0
2022-11-06,2.0,168.0,1.5,0.36,5.7,610.0,0
2022-11-07,11.2,180.7,2.25,0.4,4.8,398.0,0
2022-11-08,22.3,161.9,1.91,0.64,5.9,667.0,0
2022-11-09,45.9,204.9,2.3,0.48,4.0,77.0,1
2022-11-10,10.8,265.0,2.67,0.86,4.6,436.0,0
2022-11-11,31.7,212.9,2.13,0.79,3.0,272.0,0
2022-11-12,59.1,189.9,1.57,0.89,4.9,641.0,0
2022-11-13,32.0,188.3,2.23,0.46,3.4,898.0,0
2022-11-14,14.9,137.5,1.59,0.88,2.8,794.0,0
2022-11-15,26.2,235.3,2.6,0.56,5.5,50.0,1
2022-11-16,7.9,196.9,1.71,0.51,5.4,1213.0,0
2022-11-17,19.3,192.8,0.85,0.33,6.6,689.0,0
2022-11-18,14.3,327.7,3.83,0.33,4.1,367.0,1
2022-11-19,24.0,212.0,1.88,0.72,5.8,647.0,0
2022-11-20,9.5,169.9,1.27,0.57,6.1,653.0,0
2022-11-21,24.8,182.9,2.18,0.44,5.9,400.0,0
2022-11-22,8.8,245.9,2.26,0.67,3.3,659.0,0
2022-11-23,36.8,204.5,2.58,0.45,5.3,418.0,0
2022-11-24,9.9,142.5,1.73,0.65,5.7,479.0,0
2022-11-25,-6.8,236.8,2.71,0.52,5.0,394.0,0
2022-11-26,0.5,173.3,1.05,0.79,0.8,170.0,0
2022-11-27,15.6,274.9,3.36,0.79,5.3,644.0,0
2022-11-28,63.7,243.2,2.56,0.59,9.4,776.0,0
2022-11-29,34.8,182.1,1.64,0.51,4.3,754.0,0
2022-11-30,-8.0,251.2,2.58,0.52,3.5,846.0,0
2022-12-01,-4.1,202.7,1.14,0.78,5.7,697.0,0
2022-12-02,44.3,234.1,2.55,0.5,5.6,440.0,0
2022-12-03,29.4,219.4,1.68,0.43,7.4,852.0,0
2022-12-04,89.9,166.1,0.99,0.35,2.5,193.0,1
2022-12-05,7.3,174.3,0.98,0.58,6.5,330.0,0
2022-12-06,2.2,241.2,2.97,0.59,6.2,311.0,0
2022-12-07,16.9,186.6,1.55,0.8,4.7,924.0,0
2022-12-08,7.5,183.9,2.61,0.43,5.7,883.0,0
2022-12-09,41.8,161.8,1.35,0.53,7.1,746.0,0
2022-12-10,7.4,216.9,1.32,0.79,6.7,922.0,0
2022-12-11,11.4,282.5,2.27,0.79,2.7,336.0,0
2022-12-12,2.0,157.3,2.19,0.53,6.6,705.0,0
2022-12-13,34.5,201.0,1.93,0.58,4.9,562.0,0
2022-12-14,3.2,256.5,2.29,0.48,5.1,854.0,0
2022-12-15,26.4,196.8,2.05,0.86,5.1,565.0,0
2022-12-16,74.6,218.1,2.43,0.37,4.7,485.0,1
2022-12-17,-2.9,157.5,2.13,0.86,7.4,762.0,0
2022-12-18,60.2,217.1,2.9,0.71,4.8,863.0,0
2022-12-19,24.8,192.5,1.75,0.62,2.8,399.0,0
2022-12-20,3.3,239.4,1.73,0.32,4.2,582.0,0
2022-12-21,22.0,247.5,2.27,0.59,5.4,282.0,0
2022-12-22,37.1,303.6,3.17,0.54,7.5,50.0,1
2022-12-23,8.3,223.2,1.75,0.4,6.2,660.0,0
2022-12-24,31.5,213.0,1.65,0.69,3.3,783.0,0
2022-12-25,67.0,207.8,2.25,0.88,10.0,679.0,0
2022-12-26,13.5,185.9,1.83,0.64,5.5,50.0,0
2022-12-27,8.0,213.5,2.15,0.73,7.6,495.0,0
2022-12-28,20.8,188.2,1.5,0.34,4.7,50.0,1
2022-12-29,24.8,206.7,1.95,0.55,6.1,1011.0,0
2022-12-30,52.0,252.7,2.06,0.37,6.7,274.0,1
2022-12-31,21.8,159.7,2.04,0.67,7.4,977.0,0
2023-01-01,17.9,245.6,2.97,0.86,7.1,884.0,0
2023-01-02,10.9,252.7,1.6,0.7,6.7,330.0,0
2023-01-03,6.0,195.3,1.49,0.35,4.4,260.0,0
2023-01-04,9.2,115.1,0.4,0.51,3.9,705.0,0
2023-01-05,9.7,175.7,1.43,0.63,5.7,347.0,0
2023-01-06,23.1,251.9,2.48,0.54,6.9,631.0,0
2023-01-07,9.0,199.1,1.27,0.8,4.6,455.0,0
2023-01-08,27.7,160.0,1.14,0.79,7.1,66.0,0
2023-01-09,84.9,179.8,1.3,0.67,7.9,50.0,0
2023-01-10,58.5,233.6,2.44,0.52,3.2,668.0,0
2023-01-11,25.3,221.9,2.25,0.45,3.3,432.0,0
2023-01-12,120.9,190.4,1.54,0.36,4.7,434.0,1
2023-01-13,32.2,185.3,1.94,0.51,5.6,809.0,0
2023-01-14,35.5,184.3,1.57,0.55,4.0,952.0,0
2023-01-15,29.1,163.1,1.5,0.71,7.7,518.0,0
2023-01-16,31.6,264.6,3.48,0.69,5.8,498.0,0
2023-01-17,23.4,187.1,2.54,0.34,5.1,750.0,0
2023-01-18,28.2,248.7,1.84,0.54,2.1,193.0,1
2023-01-19,75.1,260.9,3.02,0.41,2.4,667.0,1
2023-01-20,66.2,239.9,2.81,0.39,5.6,766.0,0
2023-01-21,11.2,182.7,1.25,0.8,0.7,804.0,0
2023-01-22,15.4,216.1,2.57,0.33,7.0,50.0,1
2023-01-23,21.9,199.0,2.76,0.55,4.7,372.0,0
2023-01-24,57.2,163.9,1.08,0.4,11.5,337.0,0
2023-01-25,68.1,213.0,1.67,0.83,9.6,630.0,0
2023-01-26,51.4,152.8,2.04,0.63,4.6,744.0,0
2023-01-27,18.7,247.5,2.61,0.44,4.8,1049.0,0
2023-01-28,26.0,181.4,2.09,0.6,7.0,452.0,0
2023-01-29,45.7,208.0,2.25,0.74,8.4,451.0,0
2023-01-30,30.6,211.3,2.31,0.87,1.7,945.0,0
2023-01-31,28.4,189.6,1.23,0.43,1.4,689.0,0
2023-02-01,28.6,223.5,2.76,0.83,3.8,980.0,0
2023-02-02,64.8,181.0,2.39,0.86,6.2,687.0,0
2023-02-03,48.2,234.9,2.23,0.85,6.0,253.0,0
2023-02-04,29.2,146.2,1.44,0.68,7.1,200.0,0
2023-02-05,41.5,205.1,1.28,0.68,2.6,135.0,0
2023-02-06,17.3,277.6,3.03,0.54,0.4,799.0,0
2023-02-07,25.5,160.0,1.89,0.75,6.7,957.0,0
2023-02-08,60.4,172.9,1.7,0.62,3.3,1155.0,0
2023-02-09,14.3,220.6,2.77,0.71,1.0,853.0,0
2023-02-10,47.3,207.2,1.9,0.56,5.3,949.0,0
2023-02-11,10.9,214.0,2.42,0.74,6.6,426.0,0
2023-02-12,82.4,219.6,1.69,0.79,4.8,253.0,0
2023-02-13,23.6,225.4,2.24,0.39,4.1,855.0,0
2023-02-14,41.0,244.4,2.36,0.8,4.7,725.0,0
2023-02-15,34.4,216.4,2.28,0.62,4.3,632.0,0
2023-02-16,34.7,190.3,1.72,0.81,2.3,716.0,0
2023-02-17,37.8,226.9,2.2,0.56,3.6,697.0,0
2023-02-18,10.3,276.0,3.17,0.53,6.0,985.0,0
2023-02-19,34.0,194.7,1.73,0.85,5.6,988.0,0
2023-02-20,26.7,161.0,0.81,0.45,5.3,763.0,0
2023-02-21,20.5,244.3,3.32,0.81,3.0,854.0,0
2023-02-22,16.9,195.2,2.64,0.59,4.6,754.0,0
2023-02-23,32.6,113.1,0.48,0.61,0.6,462.0,0
2023-02-24,13.6,233.9,2.68,0.49,5.4,827.0,0
2023-02-25,53.4,178.6,1.53,0.64,7.9,182.0,0
2023-02-26,37.5,196.4,2.1,0.5,2.1,916.0,0
2023-02-27,32.0,213.3,2.28,0.32,3.8,242.0,1
2023-02-28,50.4,207.6,1.96,0.46,5.7,686.0,0
2023-03-01,4.3,228.4,1.89,0.3,7.5,346.0,0
2023-03-02,7.6,182.6,1.48,0.89,4.1,766.0,0
2023-03-03,36.0,220.5,1.75,0.88,3.6,590.0,0
2023-03-04,12.5,189.6,1.48,0.54,1.1,122.0,0
2023-03-05,13.5,229.6,2.26,0.74,5.2,726.0,0
2023-03-06,4.5,224.6,1.89,0.51,9.1,427.0,0
2023-03-07,8.0,162.6,1.97,0.7,5.6,864.0,0
2023-03-08,48.5,243.4,3.18,0.78,5.0,600.0,0
2023-03-09,32.4,178.6,1.5,0.87,5.6,719.0,0
2023-03-10,24.9,232.3,2.44,0.54,5.0,313.0,0
2023-03-11,11.1,214.7,2.4,0.77,3.4,423.0,0
2023-03-12,22.6,273.5,2.97,0.46,6.6,462.0,0
2023-03-13,49.2,191.1,1.95,0.89,5.5,857.0,0
2023-03-14,8.0,186.0,2.23,0.32,5.0,1103.0,0
2023-03-15,18.2,199.2,2.23,0.66,3.0,358.0,0
2023-03-16,70.8,187.9,1.26,0.7,7.6,923.0,0
2023-03-17,34.5,232.0,2.75,0.71,6.3,50.0,0
2023-03-18,8.3,135.3,1.8,0.37,3.9,242.0,0
2023-03-19,31.5,157.9,1.2,0.86,7.0,312.0,0
2023-03-20,-2.7,157.3,1.59,0.41,4.0,194.0,0
2023-03-21,15.3,238.0,2.72,0.67,3.4,125.0,0
2023-03-22,30.5,268.4,2.58,0.43,3.5,724.0,0
2023-03-23,24.3,195.8,2.49,0.48,1.5,536.0,0
2023-03-24,29.8,193.2,3.11,0.63,5.9,714.0,0
2023-03-25,35.6,202.8,1.64,0.55,1.3,807.0,0
2023-03-26,25.6,246.5,1.77,0.4,2.5,680.0,0
2023-03-27,24.7,162.9,1.78,0.4,0.8,797.0,0
2023-03-28,19.5,209.5,2.46,0.55,4.8,579.0,0
2023-03-29,-0.5,239.0,2.27,0.75,4.7,244.0,0
2023-03-30,41.5,220.0,2.93,0.84,4.3,917.0,0
2023-03-31,14.3,207.6,1.41,0.35,2.9,423.0,0
2023-04-01,30.7,240.0,2.75,0.54,2.7,319.0,0
2023-04-02,37.9,91.9,0.62,0.36,5.9,547.0,0
2023-04-03,6.3,227.1,3.13,0.31,3.9,326.0,1
2023-04-04,7.6,173.8,2.73,0.7,5.6,475.0,0
2023-04-05,9.6,126.8,0.88,0.66,3.2,703.0,0
2023-04-06,48.3,220.4,1.93,0.4,5.4,705.0,0
2023-04-07,1.8,254.9,2.98,0.44,7.6,331.0,0
2023-04-08,55.3,194.5,1.75,0.31,6.2,454.0,0
2023-04-09,19.7,238.1,2.36,0.8,4.2,922.0,0
2023-04-10,21.5,264.5,2.66,0.88,5.5,749.0,0
2023-04-11,37.6,252.6,1.57,0.38,4.5,1223.0,0
2023-04-12,18.0,265.6,2.65,0.44,5.0,954.0,0
2023-04-13,43.5,229.7,1.95,0.82,4.3,943.0,0
2023-04-14,8.2,203.0,1.78,0.86,4.7,184.0,0
2023-04-15,55.7,135.9,2.08,0.55,5.4,829.0,0
2023-04-16,10.0,190.2,1.27,0.33,3.0,584.0,0
2023-04-17,58.0,166.3,2.07,0.32,3.0,435.0,0
2023-04-18,11.1,286.8,2.73,0.64,2.2,650.0,0
2023-04-19,13.7,193.0,1.79,0.54,1.8,884.0,0
2023-04-20,4.3,204.9,2.44,0.32,2.6,750.0,0
2023-04-21,7.5,222.1,2.39,0.65,5.3,336.0,0
2023-04-22,19.4,201.7,2.3,0.31,3.2,823.0,0
2023-04-23,25.3,267.8,3.16,0.77,6.0,409.0,0
2023-04-24,45.3,175.1,1.59,0.48,5.1,665.0,0
2023-04-25,17.5,207.8,1.77,0.32,1.1,509.0,0
2023-04-26,30.1,170.3,1.16,0.65,6.3,534.0,0
2023-04-27,25.8,147.2,1.06,0.54,6.6,830.0,0
2023-04-28,33.7,175.5,3.23,0.88,3.0,288.0,0
2023-04-29,13.0,198.5,2.61,0.63,5.8,1184.0,0
2023-04-30,15.0,182.8,1.15,0.47,3.3,54.0,1
2023-05-01,14.1,172.3,1.06,0.73,5.2,421.0,0
2023-05-02,55.8,143.7,1.68,0.46,2.5,711.0,0
2023-05-03,64.3,196.7,2.24,0.84,1.4,775.0,0
2023-05-04,16.5,139.8,1.67,0.52,4.2,570.0,0
2023-05-05,17.3,230.4,2.18,0.63,4.8,583.0,0
2023-05-06,41.4,203.3,1.97,0.33,4.2,723.0,0
2023-05-07,71.1,141.7,1.58,0.56,2.6,531.0,0
2023-05-08,81.4,187.6,1.92,0.8,4.2,1018.0,0
2023-05-09,18.5,169.9,0.59,0.78,5.5,852.0,0
2023-05-10,22.2,212.8,2.01,0.43,4.9,862.0,0
2023-05-11,35.4,253.6,2.11,0.44,5.4,310.0,1
2023-05-12,37.0,125.0,1.34,0.79,3.7,576.0,0
2023-05-13,27.1,204.6,3.54,0.86,7.3,510.0,0
2023-05-14,18.3,193.6,2.12,0.36,2.6,298.0,0
2023-05-15,30.6,226.9,2.11,0.57,6.0,708.0,0
2023-05-16,85.0,208.5,2.55,0.5,7.4,439.0,0
2023-05-17,23.3,169.9,1.94,0.82,6.0,797.0,0
2023-05-18,37.0,187.2,2.08,0.35,4.6,279.0,0
2023-05-19,120.5,168.2,1.99,0.43,3.9,1116.0,0
2023-05-20,24.1,243.0,3.46,0.75,7.1,331.0,0
2023-05-21,49.0,200.9,1.44,0.33,2.2,666.0,0
2023-05-22,89.1,276.0,3.0,0.6,3.1,838.0,0
2023-05-23,47.1,197.6,1.51,0.57,4.2,429.0,0
2023-05-24,62.3,171.7,1.99,0.5,7.5,856.0,0
2023-05-25,53.8,139.5,0.94,0.54,5.8,231.0,0
2023-05-26,45.6,127.9,1.07,0.62,3.1,1036.0,0
2023-05-27,72.1,136.6,1.22,0.4,4.4,604.0,0
2023-05-28,49.5,210.7,2.59,0.64,3.8,421.0,0
2023-05-29,31.7,220.3,2.66,0.78,3.6,510.0,0
2023-05-30,37.9,136.8,0.74,0.76,7.0,843.0,0
2023-05-31,42.8,235.8,2.39,0.39,2.3,425.0,1
2023-06-01,28.1,180.7,1.45,0.39,8.2,375.0,0
2023-06-02,38.9,205.9,1.43,0.46,6.7,534.0,0
2023-06-03,35.9,264.5,2.54,0.52,7.2,247.0,1
2023-06-04,49.6,235.9,2.2,0.55,4.1,1146.0,0
2023-06-05,104.5,189.3,3.11,0.71,4.7,430.0,0
2023-06-06,39.9,164.4,1.86,0.33,2.1,849.0,0
2023-06-07,79.3,113.9,0.45,0.32,4.0,663.0,0
2023-06-08,48.1,171.2,1.43,0.54,6.0,305.0,0
2023-06-09,38.0,191.6,2.43,0.72,7.6,598.0,0
2023-06-10,26.3,160.5,2.65,0.42,2.8,835.0,0
2023-06-11,37.7,194.7,1.15,0.68,4.3,544.0,0
2023-06-12,36.2,203.1,1.09,0.46,4.7,958.0,0
2023-06-13,22.0,191.0,2.85,0.83,2.2,906.0,0
2023-06-14,23.6,174.0,1.93,0.84,6.2,876.0,0
2023-06-15,40.7,206.7,1.63,0.48,3.6,462.0,0
2023-06-16,76.5,217.7,2.44,0.44,4.6,276.0,1
2023-06-17,30.7,156.4,0.25,0.55,4.1,416.0,0
2023-06-18,12.7,256.4,2.57,0.44,3.4,659.0,0
2023-06-19,16.1,196.1,2.12,0.7,5.0,764.0,0
2023-06-20,47.1,200.8,2.47,0.8,4.6,50.0,0
2023-06-21,12.8,228.3,1.78,0.7,4.3,598.0,0
2023-06-22,50.8,209.3,2.14,0.79,3.5,647.0,0
2023-06-23,44.2,238.1,1.92,0.54,5.6,517.0,0
2023-06-24,27.0,211.5,2.24,0.39,8.3,987.0,0
2023-06-25,17.3,175.5,1.31,0.74,5.3,727.0,0
2023-06-26,23.5,214.5,1.94,0.52,7.0,993.0,0
2023-06-27,34.9,154.3,1.04,0.7,2.2,535.0,0
2023-06-28,9.7,204.3,2.37,0.46,5.3,881.0,0
2023-06-29,66.1,198.7,2.42,0.35,2.8,1091.0,0
2023-06-30,33.1,191.7,1.8,0.9,2.0,994.0,0
2023-07-01,35.3,194.9,1.97,0.39,3.5,272.0,1
2023-07-02,39.5,124.7,0.52,0.89,7.4,524.0,0
2023-07-03,59.9,178.1,1.63,0.89,6.9,496.0,0
2023-07-04,27.8,203.7,2.01,0.78,5.5,747.0,0
2023-07-05,39.7,206.4,3.37,0.7,1.9,806.0,0
2023-07-06,11.9,158.9,1.03,0.65,4.6,348.0,0
2023-07-07,75.9,250.6,3.24,0.82,5.6,620.0,0
2023-07-08,24.4,165.4,2.15,0.47,5.4,50.0,0
2023-07-09,10.3,238.8,2.53,0.58,1.3,1033.0,0
2023-07-10,13.2,217.1,3.05,0.67,3.2,446.0,0
2023-07-11,-1.2,174.2,1.93,0.55,4.9,617.0,0
2023-07-12,12.2,271.0,2.9,0.56,6.1,507.0,0
2023-07-13,-4.2,152.3,1.5,0.5,0.6,944.0,0
2023-07-14,37.6,236.8,2.98,0.64,4.7,50.0,1
2023-07-15,27.8,240.0,2.95,0.81,5.3,595.0,0
2023-07-16,3.8,173.2,1.42,0.42,6.7,568.0,0
2023-07-17,17.0,255.7,1.9,0.86,6.4,464.0,0
2023-07-18,17.5,190.0,1.8,0.71,6.2,1118.0,0
2023-07-19,0.8,211.5,1.72,0.79,3.4,334.0,0
2023-07-20,12.9,210.4,2.07,0.63,1.2,832.0,0
2023-07-21,17.1,194.6,2.56,0.77,4.2,707.0,0
2023-07-22,11.9,232.4,2.1,0.31,7.0,978.0,0
2023-07-23,5.1,231.7,2.3,0.79,7.8,400.0,0
2023-07-24,1.1,130.1,1.33,0.32,6.4,380.0,0
2023-07-25,10.6,252.2,2.95,0.83,5.9,929.0,0
2023-07-26,6.0,133.5,0.21,0.9,5.8,728.0,0
2023-07-27,28.2,241.3,2.11,0.48,3.9,137.0,1
2023-07-28,53.3,245.1,2.56,0.43,4.7,438.0,1
2023-07-29,37.7,156.4,2.16,0.76,8.3,716.0,0
2023-07-30,16.2,183.6,1.59,0.45,3.1,851.0,0
2023-07-31,4.5,155.8,0.62,0.82,8.2,396.0,0
2023-08-01,36.7,191.4,2.22,0.36,4.4,50.0,1
2023-08-02,29.4,187.7,1.56,0.38,7.7,757.0,0
2023-08-03,50.2,231.2,1.72,0.89,2.2,234.0,0
2023-08-04,19.1,252.4,2.21,0.7,6.2,50.0,0
2023-08-05,66.1,255.8,2.47,0.81,3.5,50.0,1
2023-08-06,19.3,177.5,1.47,0.49,2.2,844.0,0
2023-08-07,4.8,191.6,0.81,0.71,5.4,639.0,0
2023-08-08,7.4,132.7,1.78,0.66,7.0,532.0,0
2023-08-09,27.4,167.8,2.32,0.66,3.3,1017.0,0
2023-08-10,6.5,238.6,2.71,0.71,2.0,791.0,0
2023-08-11,66.9,264.6,2.08,0.65,4.8,1085.0,0
2023-08-12,26.0,150.6,1.41,0.56,4.8,182.0,0
2023-08-13,17.6,176.3,1.76,0.47,6.1,590.0,0
2023-08-14,19.5,198.9,2.29,0.76,6.9,115.0,0
2023-08-15,12.8,211.2,2.45,0.44,4.9,531.0,0
2023-08-16,-2.6,167.6,1.31,0.72,8.7,525.0,0
2023-08-17,9.9,217.0,2.21,0.44,5.4,788.0,0
2023-08-18,63.1,181.0,2.04,0.68,4.3,614.0,0
2023-08-19,23.6,199.4,2.72,0.75,1.8,787.0,0
2023-08-20,45.7,221.9,2.57,0.43,4.5,811.0,0
2023-08-21,47.1,200.3,2.4,0.34,4.3,1246.0,0
2023-08-22,19.5,182.5,1.87,0.38,6.9,505.0,0
2023-08-23,35.6,195.6,2.66,0.66,5.9,318.0,0
2023-08-24,1.4,196.5,2.17,0.81,2.6,674.0,0
2023-08-25,62.6,185.2,1.42,0.33,5.3,359.0,1
2023-08-26,59.6,189.6,2.6,0.74,6.3,1045.0,0
2023-08-27,33.5,263.9,2.99,0.5,8.1,515.0,0
2023-08-28,28.6,222.4,2.0,0.59,6.8,430.0,0
2023-08-29,23.2,188.2,1.64,0.86,6.5,459.0,0
2023-08-30,54.5,227.9,2.43,0.5,5.1,816.0,0
2023-08-31,42.9,186.6,2.1,0.58,5.8,553.0,0
2023-09-01,18.9,246.9,2.57,0.31,7.5,407.0,0
2023-09-02,9.8,214.8,2.3,0.35,2.3,1100.0,0
2023-09-03,8.7,195.7,2.81,0.46,4.3,343.0,0
2023-09-04,56.7,217.9,2.71,0.32,3.5,611.0,0
2023-09-05,26.4,137.2,1.47,0.68,5.8,796.0,0
2023-09-06,38.2,154.9,2.02,0.56,7.5,111.0,0
2023-09-07,29.8,152.2,1.01,0.63,3.8,744.0,0
2023-09-08,11.3,205.7,2.26,0.4,0.2,283.0,1
2023-09-09,9.6,269.3,3.6,0.48,4.2,847.0,0
2023-09-10,22.3,289.3,2.78,0.7,6.8,311.0,0
2023-09-11,24.0,225.5,1.83,0.88,6.1,808.0,0
2023-09-12,24.4,220.0,1.87,0.33,5.9,932.0,0
2023-09-13,25.3,128.0,0.73,0.83,4.4,858.0,0
2023-09-14,97.1,178.3,1.39,0.65,2.4,675.0,0
2023-09-15,57.5,168.5,1.5,0.64,6.0,531.0,0
2023-09-16,37.1,175.2,1.05,0.6,3.3,427.0,0
2023-09-17,31.2,193.3,1.94,0.34,9.4,1041.0,0
2023-09-18,32.2,181.1,2.26,0.35,6.1,390.0,0
2023-09-19,50.2,120.8,0.75,0.66,3.8,289.0,0
2023-09-20,31.9,229.9,3.06,0.5,3.8,800.0,0
2023-09-21,56.0,157.1,1.83,0.85,4.8,361.0,0
2023-09-22,41.3,209.6,2.61,0.54,4.5,315.0,0
2023-09-23,100.3,283.0,2.5,0.39,7.2,167.0,1
2023-09-24,31.8,163.2,2.06,0.73,5.4,455.0,0
2023-09-25,62.7,98.8,0.44,0.48,3.5,575.0,0
2023-09-26,19.5,188.6,2.33,0.62,8.8,673.0,0
2023-09-27,24.6,244.0,2.53,0.72,5.1,885.0,0
2023-09-28,93.3,278.3,3.06,0.84,6.5,758.0,0
2023-09-29,55.9,150.8,0.92,0.78,3.8,543.0,0
2023-09-30,45.9,219.9,1.75,0.71,5.7,541.0,0
2023-10-01,116.4,181.4,2.11,0.71,5.6,753.0,0
2023-10-02,33.9,195.8,1.48,0.87,1.2,982.0,0
2023-10-03,63.0,305.8,3.29,0.48,9.0,638.0,0
2023-10-04,65.6,139.9,0.72,0.3,7.6,459.0,0
2023-10-05,81.6,210.1,2.53,0.46,4.2,302.0,1
2023-10-06,18.4,218.7,1.57,0.43,2.8,166.0,1
2023-10-07,33.3,243.4,2.71,0.7,5.7,800.0,0
2023-10-08,41.3,203.9,2.35,0.68,5.2,773.0,0
2023-10-09,80.2,212.3,1.77,0.66,5.7,773.0,0
2023-10-10,43.8,184.3,2.13,0.31,5.4,561.0,0
2023-10-11,64.5,210.8,2.24,0.74,6.0,1022.0,0
2023-10-12,16.4,186.3,1.59,0.49,7.9,455.0,0
2023-10-13,27.8,224.9,1.74,0.7,6.1,887.0,0
2023-10-14,70.0,185.2,0.87,0.63,2.9,588.0,0
2023-10-15,29.2,215.1,2.33,0.51,7.7,417.0,0
2023-10-16,32.4,198.8,1.21,0.38,8.3,778.0,0
2023-10-17,77.1,245.0,2.5,0.36,11.3,723.0,0
2023-10-18,18.3,197.9,1.85,0.8,2.8,707.0,0
2023-10-19,20.5,129.1,1.63,0.85,5.5,624.0,0
2023-10-20,12.6,250.5,2.35,0.69,0.8,589.0,0
2023-10-21,77.2,163.8,1.47,0.36,6.1,1317.0,0
2023-10-22,54.7,173.8,2.1,0.54,3.9,955.0,0
2023-10-23,53.4,176.2,1.93,0.74,8.8,817.0,0
2023-10-24,22.9,255.0,2.71,0.77,3.5,634.0,0
2023-10-25,9.8,114.6,1.38,0.37,1.6,902.0,0
2023-10-26,7.4,325.5,2.49,0.3,4.1,755.0,0
2023-10-27,64.7,242.2,2.8,0.73,1.0,608.0,0
2023-10-28,39.3,208.9,2.4,0.51,6.5,509.0,0
2023-10-29,43.9,197.8,1.47,0.45,0.9,576.0,0
2023-10-30,31.5,211.4,1.99,0.31,5.1,50.0,1
2023-10-31,13.2,220.8,2.19,0.62,0.8,663.0,0
2023-11-01,19.6,225.8,2.19,0.81,4.4,453.0,0
2023-11-02,9.4,222.2,2.39,0.87,8.3,1078.0,0
2023-11-03,7.7,203.6,2.75,0.64,5.7,606.0,0
2023-11-04,45.4,192.1,2.46,0.61,3.3,243.0,0
2023-11-05,2.8,193.9,1.28,0.35,4.9,585.0,0
2023-11-06,7.5,192.2,2.23,0.63,5.0,286.0,0
2023-11-07,17.5,245.4,3.12,0.53,5.9,742.0,0
2023-11-08,23.2,223.7,2.43,0.66,2.3,687.0,0
2023-11-09,2.7,82.4,1.37,0.53,6.2,887.0,0
2023-11-10,29.7,226.2,3.27,0.44,0.0,363.0,1
2023-11-11,24.3,207.8,2.59,0.36,3.7,610.0,0
2023-11-12,56.1,199.3,2.12,0.49,4.0,190.0,1
2023-11-13,21.3,184.5,2.37,0.36,6.3,810.0,0
2023-11-14,30.5,245.0,2.52,0.41,5.0,756.0,0
2023-11-15,6.8,237.9,2.39,0.89,2.2,749.0,0
2023-11-16,7.0,169.1,1.52,0.57,3.0,600.0,0
2023-11-17,0.2,216.3,2.94,0.62,5.4,724.0,0
2023-11-18,5.9,161.1,1.2,0.82,4.8,1081.0,0
2023-11-19,11.5,144.8,2.21,0.9,3.8,514.0,0
2023-11-20,49.3,174.9,2.0,0.65,4.0,642.0,0
2023-11-21,3.3,234.5,1.65,0.79,6.4,274.0,0
2023-11-22,84.8,238.1,2.57,0.5,4.0,340.0,1
2023-11-23,30.2,220.5,1.16,0.48,4.8,629.0,0
2023-11-24,24.5,229.0,2.6,0.54,9.3,931.0,0
2023-11-25,16.3,220.6,2.65,0.7,2.2,523.0,0
2023-11-26,12.5,174.3,1.45,0.71,1.3,529.0,0
2023-11-27,5.9,217.3,2.23,0.49,6.6,478.0,0
2023-11-28,-3.2,232.0,3.3,0.38,3.6,440.0,0
2023-11-29,2.5,230.2,2.05,0.68,4.4,688.0,0
2023-11-30,62.1,247.6,1.95,0.38,3.4,151.0,1
2023-12-01,27.7,228.3,3.02,0.65,4.5,984.0,0
2023-12-02,61.7,214.1,3.12,0.72,8.2,400.0,0
2023-12-03,5.4,242.8,2.43,0.72,6.6,817.0,0
2023-12-04,0.2,198.9,2.5,0.75,6.7,219.0,0
2023-12-05,15.9,164.7,2.32,0.82,2.2,801.0,0
2023-12-06,3.2,193.5,1.56,0.6,2.7,802.0,0
2023-12-07,20.3,170.2,1.46,0.74,0.0,715.0,0
2023-12-08,-3.9,173.0,2.35,0.67,3.4,302.0,0
2023-12-09,-6.2,194.2,2.78,0.41,6.9,675.0,0
2023-12-10,24.1,168.3,1.96,0.32,6.0,245.0,0
2023-12-11,64.8,187.7,1.44,0.47,4.6,524.0,0
2023-12-12,25.7,124.3,2.24,0.57,5.0,909.0,0
2023-12-13,29.4,208.5,1.82,0.67,3.6,839.0,0
2023-12-14,18.8,200.0,1.83,0.81,5.4,605.0,0
2023-12-15,21.1,167.3,1.84,0.42,6.5,308.0,0
2023-12-16,-0.6,226.4,3.04,0.38,1.8,794.0,0
2023-12-17,6.7,237.5,2.8,0.88,5.6,606.0,0
2023-12-18,51.2,135.7,1.56,0.36,6.9,50.0,1
2023-12-19,13.5,169.5,1.93,0.59,4.2,835.0,0
2023-12-20,51.2,169.2,1.71,0.65,6.4,593.0,0
2023-12-21,22.9,162.4,1.9,0.62,10.6,961.0,0
2023-12-22,24.4,233.2,1.07,0.35,4.8,271.0,1
2023-12-23,15.5,192.2,1.77,0.33,5.8,50.0,1
2023-12-24,37.8,189.4,2.01,0.36,3.5,684.0,0
2023-12-25,45.4,119.8,0.62,0.65,5.4,687.0,0
2023-12-26,10.1,225.4,2.45,0.63,5.9,93.0,0
2023-12-27,5.0,150.4,1.4,0.44,5.4,306.0,0
2023-12-28,2.1,202.4,2.9,0.68,3.0,1427.0,0
2023-12-29,35.2,211.1,2.9,0.79,5.4,508.0,0
2023-12-30,32.8,254.4,2.31,0.32,7.9,819.0,0
2023-12-31,111.0,147.6,1.4,0.6,5.9,405.0,0
